country,year,entity,tag_key,frequency,proportion,rank,in_top5pct
MM,2015,building,building,833122,0.833122,1,True
MM,2015,building,addr:housenumber,116660,0.11666,2,True
MM,2015,building,name,150307,0.150307,3,True
MM,2015,building,amenity,198820,0.19882,4,False
MM,2015,building,shop,148888,0.148888,5,False
MM,2015,building,height,31889,0.031889,6,False
MM,2015,highway,building,160312,0.160312,1,True
MM,2015,highway,addr:housenumber,230499,0.230499,2,True
MM,2015,highway,name,223668,0.223668,3,True
MM,2015,highway,amenity,33966,0.033966,4,False
MM,2015,highway,shop,157066,0.157066,5,False
MM,2015,highway,height,119635,0.119635,6,False
MM,2016,building,building,614522,0.614522,1,True
MM,2016,building,addr:housenumber,283243,0.283243,2,True
MM,2016,building,name,190818,0.190818,3,True
MM,2016,building,amenity,101849,0.101849,4,False
MM,2016,building,shop,99377,0.099377,5,False
MM,2016,building,height,28401,0.028401,6,False
MM,2016,highway,building,362305,0.362305,1,True
MM,2016,highway,addr:housenumber,102195,0.102195,2,True
MM,2016,highway,name,178108,0.178108,3,True
MM,2016,highway,amenity,117326,0.117326,4,False
MM,2016,highway,shop,18838,0.018838,5,False
MM,2016,highway,height,52870,0.05287,6,False
MM,2017,building,building,111954,0.111954,1,True
MM,2017,building,addr:housenumber,113543,0.113543,2,True
MM,2017,building,name,44644,0.044644,3,True
MM,2017,building,amenity,174968,0.174968,4,False
MM,2017,building,shop,51165,0.051165,5,False
MM,2017,building,height,147776,0.147776,6,False
MM,2017,highway,building,788828,0.788828,1,True
MM,2017,highway,addr:housenumber,227297,0.227297,2,True
MM,2017,highway,name,295523,0.295523,3,True
MM,2017,highway,amenity,15342,0.015342,4,False
MM,2017,highway,shop,127438,0.127438,5,False
MM,2017,highway,height,122030,0.12203,6,False
MM,2018,building,building,773276,0.773276,1,True
MM,2018,building,addr:housenumber,347402,0.347402,2,True
MM,2018,building,name,285213,0.285213,3,True
MM,2018,building,amenity,76938,0.076938,4,False
MM,2018,building,shop,140517,0.140517,5,False
MM,2018,building,height,35172,0.035172,6,False
MM,2018,highway,building,868662,0.868662,1,True
MM,2018,highway,addr:housenumber,170480,0.17048,2,True
MM,2018,highway,name,188526,0.188526,3,True
MM,2018,highway,amenity,41444,0.041444,4,False
MM,2018,highway,shop,179779,0.179779,5,False
MM,2018,highway,height,90514,0.090514,6,False
MM,2019,building,building,600599,0.600599,1,True
MM,2019,building,addr:housenumber,399508,0.399508,2,True
MM,2019,building,name,121352,0.121352,3,True
MM,2019,building,amenity,172837,0.172837,4,False
MM,2019,building,shop,107647,0.107647,5,False
MM,2019,building,height,90913,0.090913,6,False
MM,2019,highway,building,305437,0.305437,1,True
MM,2019,highway,addr:housenumber,371205,0.371205,2,True
MM,2019,highway,name,101873,0.101873,3,True
MM,2019,highway,amenity,134713,0.134713,4,False
MM,2019,highway,shop,147803,0.147803,5,False
MM,2019,highway,height,149961,0.149961,6,False
MM,2020,building,building,569517,0.569517,1,True
MM,2020,building,addr:housenumber,374232,0.374232,2,True
MM,2020,building,name,125341,0.125341,3,True
MM,2020,building,amenity,73351,0.073351,4,False
MM,2020,building,shop,168433,0.168433,5,False
MM,2020,building,height,25773,0.025773,6,False
MM,2020,highway,building,503347,0.503347,1,True
MM,2020,highway,addr:housenumber,420330,0.42033,2,True
MM,2020,highway,name,221807,0.221807,3,True
MM,2020,highway,amenity,132910,0.13291,4,False
MM,2020,highway,shop,48466,0.048466,5,False
MM,2020,highway,height,26877,0.026877,6,False
MM,2021,building,building,217363,0.217363,1,True
MM,2021,building,addr:housenumber,178272,0.178272,2,True
MM,2021,building,name,279439,0.279439,3,True
MM,2021,building,amenity,83835,0.083835,4,False
MM,2021,building,shop,135622,0.135622,5,False
MM,2021,building,height,75012,0.075012,6,False
MM,2021,highway,building,507542,0.507542,1,True
MM,2021,highway,addr:housenumber,41988,0.041988,2,True
MM,2021,highway,name,206209,0.206209,3,True
MM,2021,highway,amenity,177414,0.177414,4,False
MM,2021,highway,shop,81090,0.08109,5,False
MM,2021,highway,height,131113,0.131113,6,False
MM,2022,building,building,790257,0.790257,1,True
MM,2022,building,addr:housenumber,187882,0.187882,2,True
MM,2022,building,name,26803,0.026803,3,True
MM,2022,building,amenity,134237,0.134237,4,False
MM,2022,building,shop,69329,0.069329,5,False
MM,2022,building,height,45994,0.045994,6,False
MM,2022,highway,building,461184,0.461184,1,True
MM,2022,highway,addr:housenumber,117157,0.117157,2,True
MM,2022,highway,name,265307,0.265307,3,True
MM,2022,highway,amenity,62245,0.062245,4,False
MM,2022,highway,shop,32004,0.032004,5,False
MM,2022,highway,height,21686,0.021686,6,False
MM,2023,building,building,207811,0.207811,1,True
MM,2023,building,addr:housenumber,260147,0.260147,2,True
MM,2023,building,name,81833,0.081833,3,True
MM,2023,building,amenity,62596,0.062596,4,False
MM,2023,building,shop,100570,0.10057,5,False
MM,2023,building,height,128318,0.128318,6,False
MM,2023,highway,building,219995,0.219995,1,True
MM,2023,highway,addr:housenumber,141135,0.141135,2,True
MM,2023,highway,name,60092,0.060092,3,True
MM,2023,highway,amenity,73134,0.073134,4,False
MM,2023,highway,shop,168217,0.168217,5,False
MM,2023,highway,height,17517,0.017517,6,False
MM,2024,building,building,535768,0.535768,1,True
MM,2024,building,addr:housenumber,293268,0.293268,2,True
MM,2024,building,name,249929,0.249929,3,True
MM,2024,building,amenity,27000,0.027,4,False
MM,2024,building,shop,110401,0.110401,5,False
MM,2024,building,height,124804,0.124804,6,False
MM,2024,highway,building,894723,0.894723,1,True
MM,2024,highway,addr:housenumber,82725,0.082725,2,True
MM,2024,highway,name,68051,0.068051,3,True
MM,2024,highway,amenity,40041,0.040041,4,False
MM,2024,highway,shop,52235,0.052235,5,False
MM,2024,highway,height,91177,0.091177,6,False
MM,2025,building,building,498545,0.498545,1,True
MM,2025,building,addr:housenumber,79890,0.07989,2,True
MM,2025,building,name,266339,0.266339,3,True
MM,2025,building,amenity,15891,0.015891,4,False
MM,2025,building,shop,167186,0.167186,5,False
MM,2025,building,height,71900,0.0719,6,False
MM,2025,highway,building,856705,0.856705,1,True
MM,2025,highway,addr:housenumber,379335,0.379335,2,True
MM,2025,highway,name,214871,0.214871,3,True
MM,2025,highway,amenity,18391,0.018391,4,False
MM,2025,highway,shop,12290,0.01229,5,False
MM,2025,highway,height,109477,0.109477,6,False
